Model,Accuracy,F1
BERT,0.9786666666666668,0.9786658315777486
DistilBERT,0.848,0.8468998970663921
IndoBERT-Lite,0.9646666666666668,0.9646594503245752
IndoBERTweet,0.9786666666666668,0.9786617303639572
Ensemble BERT+Distil,0.9766666666666668,0.97666709216975
Ensemble IndoBERT-Lite+IndoBERTweet,0.982,0.9819989190271244
