Method,Accuracy,F1_Weighted,F1_Macro,F1_Micro
BERT,0.9730290456431535,0.973030090511497,0.97302800077481,0.9730290456431535
DistilBERT,0.8215767634854771,0.82102165800683,0.8208828816371682,0.8215767634854771
Ensemble (Majority),0.8775933609958506,0.8757969091826245,0.8756009326211818,0.8775933609958506
Ensemble (Avg Prob),0.970954356846473,0.970954356846473,0.9709498553519769,0.970954356846473
Ensemble (Weighted),0.9730290456431535,0.973030090511497,0.97302800077481,0.9730290456431535
