Model,Accuracy,F1_Weighted,F1_Macro,F1_Micro
IndoBERT Lite,0.9356846473029046,0.9356827094514267,0.9356843704669792,0.9356846473029046
IndoBERTweet,0.9730290456431535,0.9730259100663324,0.9730196389126906,0.9730290456431535
Ensemble (α=0.2),0.9730290456431535,0.9730226572567433,0.9730149911930509,0.9730290456431535
