Model,accuracy,f1
BERT,0.976,0.9760008539405799
DistilBERT,0.8893333333333333,0.8893372681551434
IndoBERT-Lite,0.9493333333333334,0.949342161361612
IndoBERTweet,0.9673333333333334,0.9673396789440439
Ensemble BERT+Distil,0.978,0.9779966426395456
Ensemble IndoBERT-Lite+IndoBERTweet,0.976,0.976004694167852
